{
  "IcoMoonType": "selection",
  "icons": [
    {
      "icon": {
        "paths": [
          "M736 0h-448c-52.8 0-96 43.2-96 96v832c0 52.8 43.2 96 96 96h448c52.8 0 96-43.2 96-96v-832c0-52.8-43.2-96-96-96zM384 48h256v32h-256v-32zM512 960c-35.346 0-64-28.654-64-64s28.654-64 64-64 64 28.654 64 64-28.654 64-64 64zM768 768h-512v-640h512v640z"
        ],
        "tags": [
          "mobile",
          "cell-phone",
          "handheld"
        ],
        "defaultCode": 59736,
        "grid": 16,
        "attrs": []
      },
      "attrs": [],
      "properties": {
        "ligatures": "mobile, cell-phone",
        "name": "mobile",
        "order": 8,
        "id": 89,
        "prevSize": 32,
        "code": 59736
      },
      "setIdx": 0,
      "setId": 1,
      "iconIdx": 88
    },
    {
      "icon": {
        "paths": [
          "M64 192h896v192h-896zM64 448h896v192h-896zM64 704h896v192h-896z"
        ],
        "tags": [
          "menu",
          "list",
          "options",
          "lines",
          "hamburger"
        ],
        "defaultCode": 59837,
        "grid": 16,
        "attrs": []
      },
      "attrs": [],
      "properties": {
        "ligatures": "menu, list3",
        "name": "menu",
        "order": 5,
        "id": 190,
        "prevSize": 32,
        "code": 59837
      },
      "setIdx": 0,
      "setId": 1,
      "iconIdx": 189
    },
    {
      "icon": {
        "paths": [
          "M512 0c-282.77 0-512 229.23-512 512s229.23 512 512 512 512-229.23 512-512-229.23-512-512-512zM512 928c-229.75 0-416-186.25-416-416s186.25-416 416-416 416 186.25 416 416-186.25 416-416 416z",
          "M672 256l-160 160-160-160-96 96 160 160-160 160 96 96 160-160 160 160 96-96-160-160 160-160z"
        ],
        "tags": [
          "cancel-circle",
          "close",
          "remove",
          "delete"
        ],
        "defaultCode": 59917,
        "grid": 16,
        "attrs": []
      },
      "attrs": [],
      "properties": {
        "ligatures": "cancel-circle, close",
        "name": "cancel-circle",
        "order": 7,
        "id": 270,
        "prevSize": 32,
        "code": 59917
      },
      "setIdx": 0,
      "setId": 1,
      "iconIdx": 269
    },
    {
      "icon": {
        "paths": [
          "M853.342 0h-682.656c-93.874 0-170.686 76.81-170.686 170.69v682.622c0 93.938 76.812 170.688 170.686 170.688h682.656c93.876 0 170.658-76.75 170.658-170.69v-682.62c0-93.88-76.782-170.69-170.658-170.69zM182.628 886.626l-77.256-77.254 256-256 29.256 29.254-208 304zM153.372 198.628l29.256-29.256 329.372 265.374 329.374-265.374 29.254 29.256-358.628 422.626-358.628-422.626zM841.374 886.626l-208-304 29.254-29.254 256 256-77.254 77.254z"
        ],
        "tags": [
          "mail",
          "contact",
          "support",
          "newsletter",
          "letter",
          "email",
          "envelop",
          "social"
        ],
        "defaultCode": 60037,
        "grid": 16,
        "attrs": []
      },
      "attrs": [],
      "properties": {
        "ligatures": "mail4, contact4",
        "name": "mail3",
        "order": 9,
        "id": 390,
        "prevSize": 32,
        "code": 60037
      },
      "setIdx": 0,
      "setId": 1,
      "iconIdx": 389
    }
  ],
  "height": 1024,
  "metadata": {
    "name": "icomoon"
  },
  "preferences": {
    "showGlyphs": true,
    "showQuickUse": true,
    "showQuickUse2": true,
    "showSVGs": true,
    "fontPref": {
      "prefix": "icon-",
      "metadata": {
        "fontFamily": "icomoon"
      },
      "metrics": {
        "emSize": 1024,
        "baseline": 6.25,
        "whitespace": 50
      },
      "embed": false
    },
    "imagePref": {
      "prefix": "icon-",
      "png": true,
      "useClassSelector": true,
      "color": 0,
      "bgColor": 16777215,
      "classSelector": ".icon"
    },
    "historySize": 100,
    "showCodes": true,
    "gridSize": 16
  }
}